,name,company,year,Price,kms_driven,fuel_type,company_grouped
0,Hyundai Santro Xing,Hyundai,2007,80000,45000,Petrol,Hyundai
1,Mahindra Jeep CL550,Mahindra,2006,425000,40,Diesel,Mahindra
2,Hyundai Grand i10,Hyundai,2014,325000,28000,Petrol,Hyundai
3,Ford EcoSport Titanium,Ford,2014,575000,36000,Diesel,Ford
4,Ford Figo,Ford,2012,175000,41000,Diesel,Ford
5,Hyundai Eon,Hyundai,2013,190000,25000,Petrol,Hyundai
6,Ford EcoSport Ambiente,Ford,2016,830000,24530,Diesel,Ford
7,Maruti Suzuki Alto,Maruti,2015,250000,60000,Petrol,Maruti
8,Skoda Fabia Classic,Skoda,2010,182000,60000,Petrol,Other
9,Maruti Suzuki Stingray,Maruti,2015,315000,30000,Petrol,Maruti
10,Hyundai Elite i20,Hyundai,2014,415000,32000,Petrol,Hyundai
11,Mahindra Scorpio SLE,Mahindra,2015,320000,48660,Diesel,Mahindra
12,Hyundai Santro Xing,Hyundai,2007,80000,45000,Petrol,Hyundai
13,Mahindra Jeep CL550,Mahindra,2006,425000,40,Diesel,Mahindra
14,Audi A8,Audi,2017,1000000,4000,Petrol,Other
15,Audi Q7,Audi,2014,500000,16934,Diesel,Other
16,Mahindra Scorpio S10,Mahindra,2016,350000,43000,Diesel,Mahindra
17,Maruti Suzuki Alto,Maruti,2014,160000,35550,Petrol,Maruti
18,Mahindra Scorpio S10,Mahindra,2016,350000,43000,Diesel,Mahindra
19,Mahindra Scorpio S10,Mahindra,2016,310000,39522,Diesel,Mahindra
20,Maruti Suzuki Alto,Maruti,2015,75000,39000,Petrol,Maruti
21,Hyundai i20 Sportz,Hyundai,2012,100000,55000,Petrol,Hyundai
22,Hyundai i20 Sportz,Hyundai,2012,100000,55000,Petrol,Hyundai
23,Hyundai i20 Sportz,Hyundai,2012,100000,55000,Petrol,Hyundai
24,Maruti Suzuki Alto,Maruti,2017,190000,72000,Petrol,Maruti
25,Maruti Suzuki Vitara,Maruti,2016,290000,15975,Diesel,Maruti
26,Maruti Suzuki Alto,Maruti,2008,95000,70000,Petrol,Maruti
27,Mahindra Bolero DI,Mahindra,2017,180000,23452,Diesel,Mahindra
28,Maruti Suzuki Swift,Maruti,2014,385000,35522,Diesel,Maruti
29,Mahindra Scorpio S10,Mahindra,2015,250000,48508,Diesel,Mahindra
30,Maruti Suzuki Swift,Maruti,2017,180000,15487,Petrol,Maruti
31,Maruti Suzuki Wagon,Maruti,2013,105000,39000,Petrol,Maruti
32,Maruti Suzuki Wagon,Maruti,2013,105000,39000,Petrol,Maruti
33,Toyota Innova 2.0,Toyota,2012,650000,82000,Diesel,Toyota
34,Renault Lodgy 85,Renault,2018,689999,20000,Diesel,Renault
35,Skoda Yeti Ambition,Skoda,2012,448000,68000,Diesel,Other
36,Maruti Suzuki Baleno,Maruti,2017,549000,32000,Diesel,Maruti
37,Renault Duster 110,Renault,2012,501000,38000,Diesel,Renault
38,Renault Duster 85,Renault,2013,489999,27000,Diesel,Renault
39,Honda City 1.5,Honda,2011,280000,33000,Petrol,Honda
40,Maruti Suzuki Alto,Maruti,2015,250000,60000,Petrol,Maruti
41,Maruti Suzuki Dzire,Maruti,2013,349999,46000,Diesel,Maruti
42,Honda Amaze,Honda,2013,284999,46000,Diesel,Honda
43,Honda Amaze 1.5,Honda,2015,345000,36000,Diesel,Honda
44,Honda City,Honda,2015,499999,55000,Petrol,Honda
45,Datsun Redi GO,Datsun,2017,235000,16000,Petrol,Other
46,Maruti Suzuki SX4,Maruti,2010,249999,36000,Petrol,Maruti
47,Mitsubishi Pajero Sport,Mitsubishi,2015,1475000,47000,Diesel,Other
48,Mahindra Bolero DI,Mahindra,2017,180000,23452,Diesel,Mahindra
49,Maruti Suzuki Swift,Maruti,2014,385000,35522,Diesel,Maruti
50,Mahindra Scorpio S10,Mahindra,2015,250000,48508,Diesel,Mahindra
51,Maruti Suzuki Swift,Maruti,2017,180000,15487,Petrol,Maruti
52,Maruti Suzuki Wagon,Maruti,2013,105000,39000,Petrol,Maruti
53,Maruti Suzuki Wagon,Maruti,2013,105000,39000,Petrol,Maruti
54,Mahindra Scorpio S10,Mahindra,2015,395000,35000,Diesel,Mahindra
55,Maruti Suzuki Swift,Maruti,2017,220000,30874,Petrol,Maruti
56,Honda City ZX,Honda,2017,170000,15000,Diesel,Honda
57,Maruti Suzuki Wagon,Maruti,2013,85000,29685,Petrol,Maruti
58,Ford Figo,Ford,2012,175000,41000,Diesel,Ford
59,Hyundai Eon,Hyundai,2013,190000,25000,Petrol,Hyundai
60,Tata Indigo eCS,Tata,2017,200000,130000,Diesel,Tata
61,Ford EcoSport Ambiente,Ford,2016,830000,24530,Diesel,Ford
62,Tata Indigo eCS,Tata,2017,200000,130000,Diesel,Tata
63,Mahindra Scorpio SLE,Mahindra,2012,570000,19000,Diesel,Mahindra
64,Volkswagen Polo Highline,Volkswagen,2014,315000,60000,Petrol,Other
65,Skoda Fabia Classic,Skoda,2010,182000,60000,Petrol,Other
66,Maruti Suzuki Stingray,Maruti,2015,315000,30000,Petrol,Maruti
67,Chevrolet Spark LS,Chevrolet,2010,110000,41000,Petrol,Chevrolet
68,Renault Duster 110PS,Renault,2012,501000,35000,Diesel,Renault
69,Honda City,Honda,2015,448999,54000,Petrol,Honda
70,Mini Cooper S,Mini,2013,1891111,13000,Petrol,Other
71,Datsun Redi GO,Datsun,2017,235000,16000,Petrol,Other
72,Skoda Fabia 1.2L,Skoda,2011,159500,38200,Diesel,Other
73,Honda Amaze,Honda,2015,344999,22000,Petrol,Honda
74,Honda Amaze,Honda,2015,344999,22000,Petrol,Honda
75,Renault Duster,Renault,2014,449999,50000,Diesel,Renault
76,Mini Cooper S,Mini,2013,1891111,13500,Petrol,Other
77,Mahindra Scorpio S4,Mahindra,2015,865000,30000,Diesel,Mahindra
78,Mahindra Scorpio VLX,Mahindra,2014,699000,50000,Diesel,Mahindra
79,Mahindra Quanto C8,Mahindra,2013,375000,20000,Diesel,Mahindra
80,Ford EcoSport,Ford,2017,489999,39000,Petrol,Ford
81,Honda Brio,Honda,2012,224999,30000,Petrol,Honda
82,Volkswagen Vento Highline,Volkswagen,2019,1200000,3600,Diesel,Other
83,Hyundai i20 Magna,Hyundai,2009,195000,32000,Petrol,Hyundai
84,Toyota Corolla Altis,Toyota,2010,351000,38000,Diesel,Toyota
85,Hyundai Verna Transform,Hyundai,2008,160000,45000,Petrol,Hyundai
86,Toyota Corolla Altis,Toyota,2009,240000,35000,Petrol,Toyota
87,Honda City 1.5,Honda,2005,90000,50000,Petrol,Honda
88,Hyundai Elite i20,Hyundai,2014,415000,32000,Petrol,Hyundai
89,Skoda Fabia 1.2L,Skoda,2011,155000,45863,Diesel,Other
90,BMW 3 Series,BMW,2011,600000,60500,Petrol,Other
91,Maruti Suzuki A,Maruti,2011,189500,12500,Petrol,Maruti
92,Toyota Etios GD,Toyota,2013,350000,60000,Diesel,Toyota
93,Ford Figo Diesel,Ford,2012,210000,35000,Diesel,Ford
94,Maruti Suzuki Swift,Maruti,2014,390000,35000,Petrol,Maruti
95,Chevrolet Beat LT,Chevrolet,2012,135000,45000,Diesel,Chevrolet
96,BMW 7 Series,BMW,2009,1600000,35000,Petrol,Other
97,Mahindra XUV500 W8,Mahindra,2013,701000,38000,Diesel,Mahindra
98,Hyundai i10 Magna,Hyundai,2014,265000,18000,Petrol,Hyundai
99,Hyundai Verna Fluidic,Hyundai,2015,525000,35000,Diesel,Hyundai
100,Maruti Suzuki Swift,Maruti,2013,372000,13349,Petrol,Maruti
101,Maruti Suzuki Ertiga,Maruti,2016,635000,29000,Petrol,Maruti
102,Ford EcoSport Titanium,Ford,2014,550000,44000,Diesel,Ford
103,Maruti Suzuki Ertiga,Maruti,2016,575000,29000,Petrol,Maruti
104,Maruti Suzuki Ertiga,Maruti,2013,485000,42000,Diesel,Maruti
105,Maruti Suzuki Alto,Maruti,2012,155000,14000,Petrol,Maruti
106,Hyundai Grand i10,Hyundai,2014,345000,49000,Diesel,Hyundai
107,Honda Amaze 1.2,Honda,2014,325000,42000,Petrol,Honda
108,Hyundai i20 Asta,Hyundai,2012,329500,36200,Diesel,Hyundai
109,Ford Figo Diesel,Ford,2014,195000,50000,Diesel,Ford
110,Maruti Suzuki Eeco,Maruti,2015,251111,55000,Petrol,Maruti
111,Maruti Suzuki Ertiga,Maruti,2014,569999,45000,Petrol,Maruti
112,Maruti Suzuki Esteem,Maruti,2007,69999,51000,Petrol,Maruti
113,Maruti Suzuki Ritz,Maruti,2014,299999,19000,Petrol,Maruti
114,Maruti Suzuki Dzire,Maruti,2009,220000,46000,Petrol,Maruti
115,Maruti Suzuki Ritz,Maruti,2013,399999,33000,Diesel,Maruti
116,Maruti Suzuki Swift,Maruti,2013,372000,13349,Petrol,Maruti
117,Maruti Suzuki Dzire,Maruti,2015,450000,104000,Diesel,Maruti
118,Toyota Etios Liva,Toyota,2014,270000,55000,Petrol,Toyota
119,Hyundai i20 Sportz,Hyundai,2011,350000,33333,Diesel,Hyundai
120,Chevrolet Spark,Chevrolet,2012,158400,33600,Petrol,Chevrolet
121,Maruti Suzuki Alto,Maruti,2017,350000,5600,Petrol,Maruti
122,Nissan Micra XV,Nissan,2011,179000,41000,Petrol,Other
123,Maruti Suzuki Swift,Maruti,2007,125000,70000,Petrol,Maruti
124,Maruti Suzuki Alto,Maruti,2018,200000,7500,Petrol,Maruti
125,Honda Amaze 1.5,Honda,2013,299000,45000,Diesel,Honda
126,Maruti Suzuki Alto,Maruti,2015,220000,38000,Petrol,Maruti
127,Chevrolet Beat,Chevrolet,2015,150000,30000,Petrol,Chevrolet
128,Honda City 1.5,Honda,2010,285000,35000,Petrol,Honda
129,Ford EcoSport Trend,Ford,2016,830000,24330,Diesel,Ford
130,Hyundai i20 Asta,Hyundai,2009,210000,65480,Petrol,Hyundai
131,Maruti Suzuki Swift,Maruti,2013,340000,41000,Petrol,Maruti
132,Tata Indica V2,Tata,2006,90000,20000,Petrol,Tata
133,Hindustan Motors Ambassador,Hindustan,2000,70000,200000,Diesel,Other
134,Toyota Corolla Altis,Toyota,2010,289999,70000,Petrol,Toyota
135,Toyota Corolla Altis,Toyota,2012,349999,59000,Petrol,Toyota
136,Toyota Innova 2.5,Toyota,2012,849999,99000,Diesel,Toyota
137,Volkswagen Jetta Highline,Volkswagen,2014,749999,46000,Diesel,Other
138,Volkswagen Polo Comfortline,Volkswagen,2015,399999,2800,Petrol,Other
139,Volkswagen Polo,Volkswagen,2014,274999,32000,Petrol,Other
140,Mahindra Scorpio,Mahindra,2015,984999,22000,Diesel,Mahindra
141,Renault Duster,Renault,2014,449999,50000,Diesel,Renault
142,Honda Amaze,Honda,2015,344999,22000,Petrol,Honda
143,Nissan Sunny,Nissan,2012,224999,45000,Petrol,Other
144,Hyundai Elite i20,Hyundai,2018,599999,21000,Petrol,Hyundai
145,Renault Kwid,Renault,2016,244999,11000,Petrol,Renault
146,Renault Duster,Renault,2013,399999,41000,Diesel,Renault
147,Ford EcoSport,Ford,2017,489999,39000,Petrol,Ford
148,Renault Duster,Renault,2014,474999,50000,Diesel,Renault
149,Mahindra Scorpio VLX,Mahindra,2011,499999,66000,Diesel,Mahindra
150,Maruti Suzuki Alto,Maruti,2018,310000,3000,Petrol,Maruti
151,Chevrolet Spark LT,Chevrolet,2010,85000,45000,Petrol,Chevrolet
152,Datsun Redi GO,Datsun,2016,245000,7000,Petrol,Other
153,Maruti Suzuki Swift,Maruti,2010,189500,38500,Diesel,Maruti
154,Fiat Punto Emotion,Fiat,2012,169500,37200,Diesel,Other
155,Maruti Suzuki Swift,Maruti,2010,159500,43200,Diesel,Maruti
156,Toyota Etios GD,Toyota,2013,275000,24800,Petrol,Toyota
157,Hyundai i20 Sportz,Hyundai,2014,370000,60000,Diesel,Hyundai
158,Hyundai i10 Sportz,Hyundai,2010,168000,45872,Petrol,Hyundai
159,Chevrolet Beat LT,Chevrolet,2011,150000,40000,Diesel,Chevrolet
160,Chevrolet Beat LS,Chevrolet,2011,145000,45000,Diesel,Chevrolet
161,Chevrolet Beat LT,Chevrolet,2012,98500,38000,Diesel,Chevrolet
162,Mahindra Scorpio VLX,Mahindra,2014,699000,50000,Diesel,Mahindra
163,Tata Indigo CS,Tata,2011,85000,11400,Diesel,Tata
164,Toyota Corolla Altis,Toyota,2015,575000,42000,Petrol,Toyota
165,Honda City 1.5,Honda,2014,549000,39000,Petrol,Honda
166,Maruti Suzuki Swift,Maruti,2011,209000,47000,Diesel,Maruti
167,Hyundai Eon Era,Hyundai,2013,185000,27000,Petrol,Hyundai
168,Mahindra Scorpio S10,Mahindra,2015,900000,97200,Diesel,Mahindra
169,Mahindra XUV500,Mahindra,2014,699999,52000,Diesel,Mahindra
170,Honda Brio,Honda,2012,224999,30000,Petrol,Honda
171,Ford Fiesta,Ford,2011,274999,55000,Diesel,Ford
172,Honda Amaze,Honda,2013,284999,46000,Diesel,Honda
173,Honda City,Honda,2015,599999,30000,Diesel,Honda
174,Maruti Suzuki Wagon,Maruti,2012,199999,44000,Petrol,Maruti
175,Honda City,Honda,2014,544999,45000,Diesel,Honda
176,Hyundai i20,Hyundai,2009,199000,31000,Petrol,Hyundai
177,Tata Indigo eCS,Tata,2016,320000,175430,Diesel,Tata
178,Hyundai Fluidic Verna,Hyundai,2015,540000,38000,Diesel,Hyundai
179,Mahindra Quanto C8,Mahindra,2013,340000,37000,Diesel,Mahindra
180,Fiat Petra ELX,Fiat,2008,75000,65000,Petrol,Other
181,Skoda Fabia 1.2L,Skoda,2011,159500,38200,Diesel,Other
182,Mini Cooper S,Mini,2013,1891111,13000,Petrol,Other
183,Hyundai Santro Xing,Hyundai,2005,49000,7500,Petrol,Hyundai
184,Maruti Suzuki Ciaz,Maruti,2016,700000,3350,Petrol,Maruti
185,Maruti Suzuki Zen,Maruti,2000,55000,60000,Petrol,Maruti
186,Honda City,Honda,2015,448999,54000,Petrol,Honda
187,Hyundai Creta 1.6,Hyundai,2017,895000,32000,Petrol,Hyundai
188,Mahindra Scorpio SLX,Mahindra,2007,355000,75000,Diesel,Mahindra
189,Mahindra Scorpio SLE,Mahindra,2012,565000,62000,Diesel,Mahindra
190,Toyota Innova 2.5,Toyota,2006,365000,73000,Diesel,Toyota
191,Maruti Suzuki Alto,Maruti,2011,145000,41000,Petrol,Maruti
192,Maruti Suzuki Wagon,Maruti,2011,210000,35000,Petrol,Maruti
193,Tata Nano Cx,Tata,2013,40000,2200,Petrol,Tata
194,Maruti Suzuki Alto,Maruti,2013,125000,39000,Petrol,Maruti
195,Maruti Suzuki Wagon,Maruti,2009,135000,45000,Petrol,Maruti
196,Maruti Suzuki Swift,Maruti,2006,135000,45000,Petrol,Maruti
197,Tata Sumo Victa,Tata,2012,285000,65000,Diesel,Tata
198,Maruti Suzuki Wagon,Maruti,2010,145000,54870,Petrol,Maruti
199,Maruti Suzuki Alto,Maruti,2010,135000,34580,Petrol,Maruti
200,Volkswagen Passat Diesel,Volkswagen,2009,450000,97000,Diesel,Other
201,Renault Scala RxL,Renault,2015,375000,25000,Diesel,Renault
202,Mahindra Quanto C8,Mahindra,2013,375000,20000,Diesel,Mahindra
203,Hyundai Grand i10,Hyundai,2014,365000,20000,Petrol,Hyundai
204,Hyundai i20 Active,Hyundai,2015,500000,18000,Petrol,Hyundai
205,Mahindra Xylo E4,Mahindra,2012,400000,35000,Diesel,Mahindra
206,Mahindra Jeep MM,Mahindra,2019,390000,60,Diesel,Mahindra
207,Renault Duster 110PS,Renault,2012,501000,35000,Diesel,Renault
208,Mahindra Bolero SLE,Mahindra,2013,330000,80200,Diesel,Mahindra
209,Force Motors Force,Force,2015,580000,3200,Diesel,Other
210,Maruti Suzuki SX4,Maruti,2012,265000,46000,Diesel,Maruti
211,Mahindra Jeep CL550,Mahindra,2019,379000,0,Diesel,Mahindra
212,Maruti Suzuki Alto,Maruti,2015,219000,5000,Petrol,Maruti
213,Mahindra Jeep CL550,Mahindra,2018,385000,588,Diesel,Mahindra
214,Toyota Etios,Toyota,2011,275000,36000,Diesel,Toyota
215,Volkswagen Polo,Volkswagen,2015,330000,38000,Diesel,Other
216,Honda City ZX,Honda,2008,110000,45000,Petrol,Honda
217,Maruti Suzuki Wagon,Maruti,2006,80000,71200,Petrol,Maruti
218,Honda City VX,Honda,2016,519000,52000,Diesel,Honda
219,Mahindra Thar CRDe,Mahindra,2016,730000,29000,Diesel,Mahindra
220,Mitsubishi Pajero Sport,Mitsubishi,2015,1475000,47000,Diesel,Other
221,Audi A4 1.8,Audi,2009,699000,47000,Petrol,Other
222,Mercedes Benz GLA,Mercedes,2015,2000000,20000,Diesel,Other
223,Land Rover Freelander,Land,2015,2100000,30000,Diesel,Other
224,Renault Kwid RXT,Renault,2017,340000,5000,Petrol,Renault
225,Tata Aria Pleasure,Tata,2014,390000,35000,Diesel,Tata
226,Mercedes Benz B,Mercedes,2014,1400000,31000,Petrol,Other
227,Datsun GO T,Datsun,2016,245000,7000,Petrol,Other
228,Tata Indigo eCS,Tata,2016,320000,175430,Diesel,Tata
229,Tata Indigo eCS,Tata,2016,320000,175400,Diesel,Tata
230,Honda Jazz VX,Honda,2016,450000,41000,Petrol,Honda
231,Honda Amaze 1.2,Honda,2014,311000,33000,Petrol,Honda
232,Honda Amaze,Honda,2013,284999,46000,Diesel,Honda
233,Honda City,Honda,2012,399999,45000,Petrol,Honda
234,Honda City,Honda,2015,599999,39000,Diesel,Honda
235,Honda Amaze,Honda,2015,344999,22000,Petrol,Honda
236,Audi A4 1.8,Audi,2009,699000,47000,Petrol,Other
237,Force Motors Force,Force,2015,580000,3200,Diesel,Other
238,Mahindra Scorpio S4,Mahindra,2015,855000,30000,Diesel,Mahindra
239,Hyundai i20 Active,Hyundai,2015,535000,37000,Diesel,Hyundai
240,Mini Cooper S,Mini,2013,1891111,13000,Petrol,Other
241,Maruti Suzuki Ciaz,Maruti,2017,699000,14000,Petrol,Maruti
242,Chevrolet Tavera Neo,Chevrolet,2013,375000,55000,Diesel,Chevrolet
243,Honda Amaze,Honda,2013,284999,46000,Diesel,Honda
244,Hyundai Eon Sportz,Hyundai,2012,178000,30000,Petrol,Hyundai
245,Tata Sumo Gold,Tata,2013,300000,50000,Diesel,Tata
246,Maruti Suzuki Wagon,Maruti,2003,90000,45000,Petrol,Maruti
247,Maruti Suzuki Esteem,Maruti,2006,95000,45000,Petrol,Maruti
248,Maruti Suzuki Eeco,Maruti,2015,255000,9300,Petrol,Maruti
249,Chevrolet Enjoy 1.4,Chevrolet,2013,245000,55000,Diesel,Chevrolet
250,Hyundai i20 Asta,Hyundai,2012,329500,36200,Diesel,Hyundai
251,Ford Figo Diesel,Ford,2014,195000,50000,Diesel,Ford
252,Maruti Suzuki Eeco,Maruti,2015,251111,55000,Petrol,Maruti
253,Maruti Suzuki Ertiga,Maruti,2014,569999,45000,Petrol,Maruti
254,Maruti Suzuki Esteem,Maruti,2007,69999,51000,Petrol,Maruti
255,Maruti Suzuki Ritz,Maruti,2014,299999,19000,Petrol,Maruti
256,Maruti Suzuki Dzire,Maruti,2009,220000,46000,Petrol,Maruti
257,Maruti Suzuki Ritz,Maruti,2013,399999,33000,Diesel,Maruti
258,Maruti Suzuki SX4,Maruti,2010,249999,36000,Petrol,Maruti
259,Maruti Suzuki Wagon,Maruti,2015,289999,22000,Petrol,Maruti
260,Mini Cooper S,Mini,2013,1891111,13500,Petrol,Other
261,Nissan Terrano XL,Nissan,2015,499999,60000,Diesel,Other
262,Renault Duster 85,Renault,2013,489999,27000,Diesel,Renault
263,Renault Duster 85,Renault,2014,489999,59000,Diesel,Renault
264,Renault Duster 85,Renault,2015,549999,19000,Diesel,Renault
265,Maruti Suzuki Dzire,Maruti,2013,380000,30000,Petrol,Maruti
266,Renault Kwid RXT,Renault,2018,325000,15000,Petrol,Renault
267,Maruti Suzuki Maruti,Maruti,2003,57000,56758,Petrol,Maruti
268,Renault Kwid 1.0,Renault,2018,349999,10000,Petrol,Renault
269,Renault Lodgy 85,Renault,2018,689999,20000,Diesel,Renault
270,Renault Scala RxL,Renault,2014,349999,49000,Diesel,Renault
271,Hyundai Grand i10,Hyundai,2014,410000,41000,Petrol,Hyundai
272,Maruti Suzuki Swift,Maruti,2011,225000,45000,Petrol,Maruti
273,Chevrolet Beat LS,Chevrolet,2010,120000,43000,Petrol,Chevrolet
274,Tata Indigo eCS,Tata,2016,320000,175430,Diesel,Tata
275,Hyundai Santro Xing,Hyundai,2000,59000,56450,Petrol,Hyundai
276,Hyundai Fluidic Verna,Hyundai,2015,540000,38000,Diesel,Hyundai
277,Chevrolet Beat LS,Chevrolet,2010,80000,56000,Petrol,Chevrolet
278,Mahindra Quanto C8,Mahindra,2013,340000,37000,Diesel,Mahindra
279,Fiat Petra ELX,Fiat,2008,75000,65000,Petrol,Other
280,Chevrolet Beat LS,Chevrolet,2015,220000,32700,Petrol,Chevrolet
281,Skoda Fabia 1.2L,Skoda,2011,159500,38200,Diesel,Other
282,Ford EcoSport Titanium,Ford,2016,599000,30000,Diesel,Ford
283,Hyundai Accent GLX,Hyundai,2006,80000,56000,Petrol,Hyundai
284,Mahindra TUV300 T4,Mahindra,2016,675000,9000,Diesel,Mahindra
285,Mini Cooper S,Mini,2013,1891111,13000,Petrol,Other
286,Mini Cooper S,Mini,2013,1891111,13000,Petrol,Other
287,Tata Indica V2,Tata,2008,150000,11000,Petrol,Tata
288,Mini Cooper S,Mini,2013,1891111,13000,Petrol,Other
289,Tata Indigo CS,Tata,2009,72500,46000,Diesel,Tata
290,Maruti Suzuki Swift,Maruti,2019,610000,73,Petrol,Maruti
291,Mahindra Scorpio VLX,Mahindra,2004,230000,160000,Diesel,Mahindra
292,Honda Accord,Honda,2009,175000,58559,Petrol,Honda
293,Mahindra Scorpio S4,Mahindra,2015,855000,30000,Diesel,Mahindra
294,Chevrolet Tavera Neo,Chevrolet,2013,375000,55000,Diesel,Chevrolet
295,Ford EcoSport Titanium,Ford,2014,520000,57000,Diesel,Ford
296,Maruti Suzuki Ertiga,Maruti,2015,524999,50000,Diesel,Maruti
297,Honda Amaze,Honda,2014,299999,37000,Petrol,Honda
298,Maruti Suzuki Dzire,Maruti,2012,299999,40000,Petrol,Maruti
299,Honda City,Honda,2011,284999,55000,Petrol,Honda
300,Mahindra Scorpio 2.6,Mahindra,2007,220000,170000,Diesel,Mahindra
301,Maruti Suzuki Dzire,Maruti,2014,424999,55000,Diesel,Maruti
302,Honda City,Honda,2015,644999,39000,Petrol,Honda
303,Honda Mobilio,Honda,2014,399999,44000,Petrol,Honda
304,Toyota Corolla Altis,Toyota,2009,199999,65000,Petrol,Toyota
305,Honda City,Honda,2014,584999,39000,Petrol,Honda
306,Skoda Laura,Skoda,2012,349999,44000,Diesel,Other
307,Renault Duster,Renault,2015,449999,49000,Diesel,Renault
308,Maruti Suzuki Ertiga,Maruti,2018,799999,9000,Diesel,Maruti
309,Maruti Suzuki Dzire,Maruti,2015,444999,45000,Diesel,Maruti
310,Mahindra XUV500,Mahindra,2014,649999,47000,Diesel,Mahindra
311,Hyundai Verna Fluidic,Hyundai,2012,444999,40000,Diesel,Hyundai
312,Maruti Suzuki Vitara,Maruti,2016,689999,29000,Diesel,Maruti
313,Maruti Suzuki Wagon,Maruti,2016,344999,15000,Petrol,Maruti
314,Mahindra Scorpio,Mahindra,2015,944999,45000,Diesel,Mahindra
315,Honda Amaze,Honda,2014,274999,35000,Petrol,Honda
316,Mahindra XUV500,Mahindra,2013,689999,80000,Diesel,Mahindra
317,Mahindra Scorpio,Mahindra,2013,574999,68000,Diesel,Mahindra
318,Skoda Laura,Skoda,2013,374999,50000,Diesel,Other
319,Volkswagen Polo,Volkswagen,2010,199999,60000,Diesel,Other
320,Hyundai Elite i20,Hyundai,2016,549999,9000,Petrol,Hyundai
321,Tata Manza Aura,Tata,2012,130000,72000,Diesel,Tata
322,Chevrolet Sail UVA,Chevrolet,2013,210000,60000,Petrol,Chevrolet
323,Renault Duster 110,Renault,2012,501000,38000,Diesel,Renault
324,Hyundai Verna Fluidic,Hyundai,2013,401000,45000,Diesel,Hyundai
325,Audi A4 2.0,Audi,2012,1350000,40000,Diesel,Other
326,Hyundai Elantra SX,Hyundai,2013,600000,20000,Petrol,Hyundai
327,Mahindra Scorpio VLX,Mahindra,2013,610000,35000,Diesel,Mahindra
328,Mahindra KUV100 K8,Mahindra,2016,400000,20000,Diesel,Mahindra
329,Renault Scala RxL,Renault,2015,375000,25000,Diesel,Renault
330,Mahindra Quanto C8,Mahindra,2013,375000,20000,Diesel,Mahindra
331,Hyundai Grand i10,Hyundai,2014,365000,20000,Petrol,Hyundai
332,Hyundai i20 Active,Hyundai,2015,500000,18000,Petrol,Hyundai
333,Mahindra Xylo E4,Mahindra,2012,400000,35000,Diesel,Mahindra
334,Hyundai Grand i10,Hyundai,2017,524999,6821,Petrol,Hyundai
335,Hyundai i20,Hyundai,2014,449999,23000,Petrol,Hyundai
336,Hyundai Eon,Hyundai,2014,174999,14000,Petrol,Hyundai
337,Hyundai i10,Hyundai,2012,244999,38000,Petrol,Hyundai
338,Hyundai i20 Active,Hyundai,2015,574999,35000,Diesel,Hyundai
339,Datsun Redi GO,Datsun,2017,244999,22000,Petrol,Other
340,Toyota Etios Liva,Toyota,2011,239999,41000,Petrol,Toyota
341,Hyundai Accent,Hyundai,2010,99999,45000,Petrol,Hyundai
342,Hyundai Verna,Hyundai,2014,489999,44000,Diesel,Hyundai
343,Maruti Suzuki Swift,Maruti,2013,324999,45000,Diesel,Maruti
344,Toyota Fortuner,Toyota,2011,1074999,52000,Diesel,Toyota
345,Hyundai i10 Sportz,Hyundai,2012,230000,34000,Petrol,Hyundai
346,Mahindra Bolero Power,Mahindra,2018,699000,1800,Diesel,Mahindra
347,Mahindra XUV500,Mahindra,2015,1000000,15000,Diesel,Mahindra
348,Honda City 1.5,Honda,2010,240000,400000,Petrol,Honda
349,Chevrolet Spark LT,Chevrolet,2009,110000,44000,Petrol,Chevrolet
350,Mahindra Jeep MM,Mahindra,2019,390000,60,Diesel,Mahindra
351,Renault Duster 110PS,Renault,2012,501000,35000,Diesel,Renault
352,Mahindra XUV500,Mahindra,2016,1130000,72000,Diesel,Mahindra
353,Tata Indigo eCS,Tata,2014,250000,40000,Diesel,Tata
354,Mahindra Bolero SLE,Mahindra,2013,330000,80200,Diesel,Mahindra
355,Force Motors Force,Force,2015,580000,3200,Diesel,Other
356,Skoda Rapid Elegance,Skoda,2013,340000,48000,Diesel,Other
357,Tata Vista Quadrajet,Tata,2011,120000,90000,Diesel,Tata
358,Maruti Suzuki Alto,Maruti,2015,265000,12000,Petrol,Maruti
359,Maruti Suzuki SX4,Maruti,2012,265000,46000,Diesel,Maruti
360,Maruti Suzuki Zen,Maruti,2003,85000,69900,Petrol,Maruti
361,Mahindra Jeep CL550,Mahindra,2019,379000,0,Diesel,Mahindra
362,Hyundai i10 Magna,Hyundai,2011,175000,45000,Petrol,Hyundai
363,Maruti Suzuki Alto,Maruti,2015,219000,5000,Petrol,Maruti
364,Maruti Suzuki Swift,Maruti,2016,350000,166000,Diesel,Maruti
365,Honda City ZX,Honda,2008,149000,42000,Petrol,Honda
366,Mahindra Jeep CL550,Mahindra,2018,385000,588,Diesel,Mahindra
367,Mahindra Jeep MM,Mahindra,2006,425000,122,Diesel,Mahindra
368,Chevrolet Beat Diesel,Chevrolet,2017,150000,62000,Diesel,Chevrolet
369,Honda City 1.5,Honda,2010,225000,70000,Petrol,Honda
370,Hyundai Verna 1.4,Hyundai,2014,375000,36000,Petrol,Hyundai
371,Toyota Innova 2.5,Toyota,2012,770000,0,Diesel,Toyota
372,Maruti Suzuki Maruti,Maruti,1995,30000,55000,Petrol,Maruti
373,Toyota Etios,Toyota,2011,275000,36000,Diesel,Toyota
374,Volkswagen Polo,Volkswagen,2015,330000,38000,Diesel,Other
375,Maruti Suzuki Swift,Maruti,2014,335000,55000,Diesel,Maruti
376,Hyundai Elite i20,Hyundai,2015,450000,20000,Diesel,Hyundai
377,Maruti Suzuki Swift,Maruti,2012,225000,40000,Petrol,Maruti
378,Maruti Suzuki Versa,Maruti,2004,80000,50000,Petrol,Maruti
379,Tata Indigo LX,Tata,2016,130000,104000,Diesel,Tata
380,Volkswagen Vento Konekt,Volkswagen,2011,245000,65000,Diesel,Other
381,Mercedes Benz C,Mercedes,2002,399000,41000,Petrol,Other
382,Maruti Suzuki Ertiga,Maruti,2013,450000,90000,Diesel,Maruti
383,Honda City,Honda,2000,65000,80000,Petrol,Honda
384,Hyundai Santro Xing,Hyundai,2006,75000,46000,Petrol,Hyundai
385,Maruti Suzuki Omni,Maruti,2001,70000,70000,Petrol,Maruti
386,Hyundai Sonata Transform,Hyundai,2017,190000,36469,Diesel,Hyundai
387,Hyundai Elite i20,Hyundai,2018,600000,7800,Petrol,Hyundai
388,Volkswagen Vento Konekt,Volkswagen,2011,245000,65000,Diesel,Other
389,Maruti Suzuki Alto,Maruti,2017,240000,60000,Petrol,Maruti
390,Maruti Suzuki Alto,Maruti,2011,155000,32000,Petrol,Maruti
391,Honda Jazz S,Honda,2009,169999,24695,Petrol,Honda
392,Hyundai Grand i10,Hyundai,2017,450000,15141,Petrol,Hyundai
393,Maruti Suzuki Zen,Maruti,2001,40000,40000,Petrol,Maruti
394,Mahindra Scorpio W,Mahindra,2012,165000,65000,Diesel,Mahindra
395,Maruti Suzuki Alto,Maruti,2014,270000,22000,Petrol,Maruti
396,Hyundai Grand i10,Hyundai,2016,280000,59910,Diesel,Hyundai
397,Mahindra XUV500 W8,Mahindra,2012,560000,100000,Diesel,Mahindra
398,Hyundai Creta 1.6,Hyundai,2016,950000,25000,Petrol,Hyundai
399,Hyundai i20 Magna,Hyundai,2013,310000,35000,Petrol,Hyundai
400,Renault Duster 85,Renault,2015,715000,65000,Diesel,Renault
401,Hyundai Grand i10,Hyundai,2014,340000,35000,Petrol,Hyundai
402,Honda Brio V,Honda,2012,235000,33000,Petrol,Honda
403,Mahindra TUV300 T4,Mahindra,2017,610000,68000,Diesel,Mahindra
404,Chevrolet Spark LS,Chevrolet,2010,95000,23000,Petrol,Chevrolet
405,Mahindra TUV300 T8,Mahindra,2018,1000000,4500,Diesel,Mahindra
406,Maruti Suzuki Swift,Maruti,2015,220000,129000,Diesel,Maruti
407,Nissan X Trail,Nissan,2019,1200000,300,Diesel,Other
408,Maruti Suzuki Alto,Maruti,2015,230000,5000,Petrol,Maruti
409,Ford Ikon 1.3,Ford,2001,45000,65000,Petrol,Ford
410,Toyota Fortuner 3.0,Toyota,2010,940000,131000,Diesel,Toyota
411,Tata Manza ELAN,Tata,2010,155555,111111,Petrol,Tata
412,Mercedes Benz A,Mercedes,2013,1500000,14000,Petrol,Other
413,Chevrolet Beat LS,Chevrolet,2016,210000,22000,Diesel,Chevrolet
414,Ford EcoSport Trend,Ford,2013,495000,38000,Diesel,Ford
415,Tata Indigo LS,Tata,2016,125000,70000,Diesel,Tata
416,Hyundai i20 Magna,Hyundai,2010,195000,36000,Petrol,Hyundai
417,Volkswagen Vento Highline,Volkswagen,2015,550000,34000,Diesel,Other
418,Renault Kwid RXT,Renault,2015,270000,43000,Petrol,Renault
419,Ford EcoSport Titanium,Ford,2014,500000,40000,Diesel,Ford
420,Honda Amaze 1.5,Honda,2016,240000,160000,Diesel,Honda
421,Hyundai Verna 1.6,Hyundai,2017,800000,12000,Petrol,Hyundai
422,BMW 5 Series,BMW,2011,1299000,49000,Diesel,Other
423,Skoda Superb 1.8,Skoda,2011,530000,68000,Petrol,Other
424,Audi Q3 2.0,Audi,2013,1499000,37000,Diesel,Other
425,Mahindra Bolero DI,Mahindra,2012,220000,59466,Diesel,Mahindra
426,Mahindra Scorpio S10,Mahindra,2015,900000,97200,Diesel,Mahindra
427,Ford Figo Duratorq,Ford,2012,250000,99000,Diesel,Ford
428,Maruti Suzuki Wagon,Maruti,2018,395000,25500,Petrol,Maruti
429,Mahindra Logan Diesel,Mahindra,2009,130000,66000,Petrol,Mahindra
430,Tata Nano GenX,Tata,2010,32000,44005,Petrol,Tata
431,Mahindra TUV300 T4,Mahindra,2016,540000,35000,Diesel,Mahindra
432,Mahindra TUV300 T4,Mahindra,2016,540000,35000,Diesel,Mahindra
433,Hyundai Elite i20,Hyundai,2015,405000,28000,Petrol,Hyundai
434,Hyundai Elite i20,Hyundai,2015,400000,30000,Petrol,Hyundai
435,Honda City SV,Honda,2017,760000,4000,Petrol,Honda
436,Maruti Suzuki Baleno,Maruti,2016,500000,28000,Petrol,Maruti
437,Ford Figo Petrol,Ford,2011,175000,75000,Petrol,Ford
438,Mahindra Scorpio S10,Mahindra,2015,900000,97200,Diesel,Mahindra
439,Honda City,Honda,2017,750000,3000,Petrol,Honda
440,Hyundai Elite i20,Hyundai,2015,419000,20000,Petrol,Hyundai
441,Maruti Suzuki Versa,Maruti,2004,90000,50000,Petrol,Maruti
442,Hyundai Eon Era,Hyundai,2018,140000,2110,Petrol,Hyundai
443,Mitsubishi Pajero Sport,Mitsubishi,2015,1540000,43222,Petrol,Other
444,Hyundai i10 Magna,Hyundai,2008,275000,100200,Petrol,Hyundai
445,Toyota Corolla H2,Toyota,2003,150000,100000,Petrol,Toyota
446,Maruti Suzuki Swift,Maruti,2011,230000,65,Petrol,Maruti
447,Tata Indigo CS,Tata,2015,123000,100000,Diesel,Tata
448,Mahindra Scorpio S10,Mahindra,2015,900000,97200,Diesel,Mahindra
449,Mahindra Scorpio S10,Mahindra,2015,900000,97200,Diesel,Mahindra
450,Hyundai Xcent Base,Hyundai,2016,300000,140000,Diesel,Hyundai
451,Honda City,Honda,2015,499999,55000,Petrol,Honda
452,Hyundai Accent Executive,Hyundai,2009,165000,48000,Petrol,Hyundai
453,Maruti Suzuki Baleno,Maruti,2016,498000,22000,Petrol,Maruti
454,Tata Zest XE,Tata,2018,480000,103553,Diesel,Tata
455,Maruti Suzuki Dzire,Maruti,2017,488000,80000,Diesel,Maruti
456,Tata Sumo Gold,Tata,2014,250000,99000,Diesel,Tata
457,Toyota Corolla Altis,Toyota,2010,220000,58000,Petrol,Toyota
458,Maruti Suzuki Eeco,Maruti,2013,290000,70000,LPG,Maruti
459,Toyota Fortuner 3.0,Toyota,2015,1525000,120000,Diesel,Toyota
460,Mahindra XUV500 W6,Mahindra,2013,548900,49800,Diesel,Mahindra
461,Tata Tigor Revotron,Tata,2019,650000,100,Diesel,Tata
462,Maruti Suzuki 800,Maruti,2001,55000,81876,Petrol,Maruti
463,Maruti Suzuki Ertiga,Maruti,2015,550000,75000,Petrol,Maruti
464,Maruti Suzuki Versa,Maruti,2004,90000,50000,Petrol,Maruti
465,Honda Mobilio S,Honda,2014,399000,44000,Diesel,Honda
466,Maruti Suzuki Ertiga,Maruti,2016,730000,55000,Diesel,Maruti
467,Maruti Suzuki Vitara,Maruti,2017,725000,36000,Diesel,Maruti
468,Hyundai Verna 1.6,Hyundai,2016,195000,56000,Diesel,Hyundai
469,Maruti Suzuki Swift,Maruti,2007,130000,62000,Petrol,Maruti
470,Toyota Fortuner 3.0,Toyota,2015,1525000,120000,Diesel,Toyota
471,Maruti Suzuki Omni,Maruti,2014,190000,6020,Petrol,Maruti
472,Honda Amaze,Honda,2013,250000,55700,Diesel,Honda
473,Tata Indica,Tata,2005,80000,42000,Petrol,Tata
474,Hyundai Santro Xing,Hyundai,2003,120000,50000,Petrol,Hyundai
475,Maruti Suzuki Zen,Maruti,2010,149000,35000,Petrol,Maruti
476,Maruti Suzuki Wagon,Maruti,2014,250000,18500,Petrol,Maruti
477,Maruti Suzuki Wagon,Maruti,2007,120000,7000,Petrol,Maruti
478,Honda Brio VX,Honda,2017,450000,11000,Petrol,Honda
479,Maruti Suzuki Zen,Maruti,2003,99999,53000,Petrol,Maruti
480,Maruti Suzuki Zen,Maruti,2008,135000,23000,Petrol,Maruti
481,Maruti Suzuki Wagon,Maruti,2016,225000,35500,Diesel,Maruti
482,Maruti Suzuki Alto,Maruti,2010,99000,22134,Petrol,Maruti
483,Renault Kwid RXT,Renault,2019,370000,1000,Petrol,Renault
484,Tata Nano Lx,Tata,2010,52000,9000,Petrol,Tata
485,Jaguar XE XE,Jaguar,2016,2800000,8500,Petrol,Other
486,Hyundai Eon Magna,Hyundai,2014,190000,35000,Petrol,Hyundai
487,Honda City 1.5,Honda,2014,499000,22000,Petrol,Honda
488,Hindustan Motors Ambassador,Hindustan,2002,90000,25000,Diesel,Other
489,Maruti Suzuki Ritz,Maruti,2010,149000,40000,Petrol,Maruti
490,Hyundai Grand i10,Hyundai,2017,400000,20000,Petrol,Hyundai
491,Hyundai Eon D,Hyundai,2016,120000,87000,Petrol,Hyundai
492,Maruti Suzuki Swift,Maruti,2015,250000,55000,Petrol,Maruti
493,Maruti Suzuki Wagon,Maruti,2017,375000,23000,Petrol,Maruti
494,Honda Amaze 1.2,Honda,2014,381000,6000,Petrol,Honda
495,Maruti Suzuki Estilo,Maruti,2013,180000,65000,Petrol,Maruti
496,Maruti Suzuki Vitara,Maruti,2016,580000,25000,Diesel,Maruti
497,Maruti Suzuki Eeco,Maruti,2015,278000,39000,Petrol,Maruti
498,Hyundai Creta 1.6,Hyundai,2016,1000000,8000,Petrol,Hyundai
499,Mahindra Scorpio Vlx,Mahindra,2013,690000,75000,Diesel,Mahindra
500,Maruti Suzuki Ertiga,Maruti,2012,480000,51000,Diesel,Maruti
501,Mitsubishi Lancer 1.8,Mitsubishi,2006,85000,50000,Petrol,Other
502,Maruti Suzuki Maruti,Maruti,2001,40000,75000,Petrol,Maruti
503,Maruti Suzuki Alto,Maruti,2015,90000,55800,Petrol,Maruti
504,Hyundai Grand i10,Hyundai,2015,340000,53000,Petrol,Hyundai
505,Hyundai Eon D,Hyundai,2018,260000,25000,Petrol,Hyundai
506,Ford Fiesta SXi,Ford,2009,250000,56400,Petrol,Ford
507,Maruti Suzuki Ritz,Maruti,2010,180000,72160,Diesel,Maruti
508,Hyundai Verna Fluidic,Hyundai,2012,350000,10000,Diesel,Hyundai
509,Maruti Suzuki Wagon,Maruti,2006,90001,48000,Petrol,Maruti
510,Maruti Suzuki Estilo,Maruti,2007,115000,36000,Petrol,Maruti
511,Audi A6 2.0,Audi,2012,1599000,11500,Diesel,Other
512,Maruti Suzuki Wagon,Maruti,2003,130000,133000,Petrol,Maruti
513,Maruti Suzuki Wagon,Maruti,2009,159000,27000,Petrol,Maruti
514,Maruti Suzuki Wagon,Maruti,2009,160000,35000,Petrol,Maruti
515,Maruti Suzuki Alto,Maruti,2010,110000,55000,Petrol,Maruti
516,Maruti Suzuki Baleno,Maruti,2016,425000,40000,Petrol,Maruti
517,Hyundai Verna 1.6,Hyundai,2019,900000,2000,Petrol,Hyundai
518,Maruti Suzuki Swift,Maruti,2009,150000,45000,Petrol,Maruti
519,Hyundai Getz Prime,Hyundai,2009,110000,20000,Petrol,Hyundai
520,Hyundai Santro,Hyundai,2000,51999,88000,Petrol,Hyundai
521,Hyundai Getz Prime,Hyundai,2009,115000,20000,Petrol,Hyundai
522,Chevrolet Beat PS,Chevrolet,2012,215000,65422,Diesel,Chevrolet
523,Ford EcoSport Trend,Ford,2017,580000,10000,Petrol,Ford
524,Maruti Suzuki Dzire,Maruti,2013,380000,35000,Petrol,Maruti
525,Hyundai Fluidic Verna,Hyundai,2013,350000,117000,Diesel,Hyundai
526,Tata Indica V2,Tata,2005,35000,150000,Diesel,Tata
527,BMW X1 xDrive20d,BMW,2011,1150000,72000,Diesel,Other
528,Hyundai i20 Asta,Hyundai,2010,300000,10750,Petrol,Hyundai
529,Honda City 1.5,Honda,2009,269000,55000,Petrol,Honda
530,Tata Nano,Tata,2013,60000,6800,Petrol,Tata
531,Chevrolet Cruze LTZ,Chevrolet,2014,400000,41000,Diesel,Chevrolet
532,Hyundai Verna Fluidic,Hyundai,2015,430000,73000,Diesel,Hyundai
533,Maruti Suzuki Swift,Maruti,2011,140000,65000,Diesel,Maruti
534,Mahindra XUV500 W6,Mahindra,2014,8500003,45000,Diesel,Mahindra
535,Mahindra XUV500 W10,Mahindra,2018,1299000,40000,Diesel,Mahindra
536,Maruti Suzuki Alto,Maruti,2014,199000,37000,Petrol,Maruti
537,Hyundai Accent GLE,Hyundai,2006,90000,55000,Petrol,Hyundai
538,Force Motors One,Force,2013,550000,140000,Diesel,Other
539,Maruti Suzuki Alto,Maruti,2019,265000,9800,Petrol,Maruti
540,Chevrolet Spark 1.0,Chevrolet,2011,100000,27000,Petrol,Chevrolet
541,Hyundai i10,Hyundai,2009,215000,27000,Petrol,Hyundai
542,Toyota Etios Liva,Toyota,2012,380000,20000,Diesel,Toyota
543,Renault Duster 85PS,Renault,2013,401919,57923,Diesel,Renault
544,Chevrolet Enjoy,Chevrolet,2014,490000,30201,Diesel,Chevrolet
545,Maruti Suzuki Alto,Maruti,2017,280000,6200,Petrol,Maruti
546,BMW 5 Series,BMW,2009,650000,37518,Petrol,Other
547,Toyota Etios Liva,Toyota,2014,160000,24652,Petrol,Toyota
548,Mahindra Jeep MM,Mahindra,2004,424000,383,Diesel,Mahindra
549,Chevrolet Beat LS,Chevrolet,2016,225000,95000,Diesel,Chevrolet
550,Chevrolet Cruze LTZ,Chevrolet,2011,350000,35000,Diesel,Chevrolet
551,Jeep Wrangler Unlimited,Jeep,2015,950000,3528,Diesel,Other
552,Maruti Suzuki Ertiga,Maruti,2013,485000,52500,Diesel,Maruti
553,Hyundai Verna VGT,Hyundai,2010,205000,47900,Diesel,Hyundai
554,Maruti Suzuki Omni,Maruti,2012,160000,14000,Petrol,Maruti
555,Maruti Suzuki Celerio,Maruti,2018,310000,37000,Petrol,Maruti
556,Tata Zest Quadrajet,Tata,2017,180000,90000,Diesel,Tata
557,Mahindra XUV500 W6,Mahindra,2013,549900,52800,Diesel,Mahindra
558,Tata Indigo CS,Tata,2016,150000,104000,Diesel,Tata
559,Hyundai i10 Era,Hyundai,2011,175000,30000,Petrol,Hyundai
560,Tata Indigo eCS,Tata,2014,95000,195000,Diesel,Tata
561,Tata Indigo LX,Tata,2016,230000,104000,Diesel,Tata
562,Tata Indigo eCS,Tata,2016,230000,104000,Diesel,Tata
563,Tata Indigo Marina,Tata,2004,180000,70000,Diesel,Tata
564,Hyundai Xcent SX,Hyundai,2015,400000,43000,Diesel,Hyundai
565,Hyundai Eon Magna,Hyundai,2013,185000,23000,Petrol,Hyundai
566,Renault Duster 85,Renault,2015,385000,51000,Diesel,Renault
567,Maruti Suzuki Alto,Maruti,2009,90000,62000,Petrol,Maruti
568,Tata Nano LX,Tata,2010,32000,48008,Petrol,Tata
569,Renault Duster 110,Renault,2013,435000,39000,Diesel,Renault
570,Maruti Suzuki Wagon,Maruti,2010,225000,40000,Petrol,Maruti
571,Maruti Suzuki Swift,Maruti,2006,189700,48247,Petrol,Maruti
572,Maruti Suzuki Ertiga,Maruti,2012,389700,39000,Diesel,Maruti
573,Maruti Suzuki Swift,Maruti,2014,365000,23000,Petrol,Maruti
574,Maruti Suzuki Alto,Maruti,2017,360000,9400,Petrol,Maruti
575,Hyundai i20 Magna,Hyundai,2010,210000,50000,Petrol,Hyundai
576,Hyundai i10 Magna,Hyundai,2009,170000,75000,Petrol,Hyundai
577,Tata Zest XE,Tata,2017,380000,70000,Diesel,Tata
578,Mahindra Xylo E8,Mahindra,2009,295000,64000,Diesel,Mahindra
579,Toyota Corolla Altis,Toyota,2010,185000,55000,Petrol,Toyota
580,Tata Manza Aqua,Tata,2014,160000,200000,Diesel,Tata
581,Renault Kwid 1.0,Renault,2018,290000,2137,Petrol,Renault
582,Tata Venture EX,Tata,2013,100000,30000,Diesel,Tata
583,Maruti Suzuki Swift,Maruti,2014,315000,44000,Petrol,Maruti
584,Skoda Octavia Classic,Skoda,2006,114990,65000,Diesel,Other
585,Maruti Suzuki Omni,Maruti,2012,120000,160000,LPG,Maruti
586,Chevrolet Beat Diesel,Chevrolet,2011,125000,56000,Diesel,Chevrolet
587,Tata Sumo Gold,Tata,2012,210000,75000,Diesel,Tata
588,Hyundai Verna 1.6,Hyundai,2018,855000,42000,Diesel,Hyundai
589,Tata Sumo Gold,Tata,2012,210000,75000,Diesel,Tata
590,Mahindra Scorpio 2.6,Mahindra,2007,260000,56000,Diesel,Mahindra
591,Maruti Suzuki Zen,Maruti,2002,95000,10544,Petrol,Maruti
592,Maruti Suzuki Swift,Maruti,2011,255000,64000,Petrol,Maruti
593,Mahindra Scorpio SLX,Mahindra,2008,300000,70000,Diesel,Mahindra
594,Hyundai Grand i10,Hyundai,2014,340000,25000,Petrol,Hyundai
595,Hyundai Elite i20,Hyundai,2017,550000,15000,Petrol,Hyundai
596,Ford Ikon 1.6,Ford,2003,60000,50000,Petrol,Ford
597,Toyota Innova 2.5,Toyota,2011,750000,147000,Diesel,Toyota
598,Nissan Sunny XL,Nissan,2011,230000,52000,Petrol,Other
599,Chevrolet Beat LT,Chevrolet,2012,130000,90001,Diesel,Chevrolet
600,Maruti Suzuki Alto,Maruti,2017,270000,21000,Petrol,Maruti
601,Maruti Suzuki Swift,Maruti,2012,280000,48006,Diesel,Maruti
602,Maruti Suzuki Swift,Maruti,2012,280000,48006,Diesel,Maruti
603,Maruti Suzuki Swift,Maruti,2012,280000,48006,Diesel,Maruti
604,Toyota Innova 2.0,Toyota,2012,600000,80000,Diesel,Toyota
605,Maruti Suzuki Swift,Maruti,2010,190000,74000,Diesel,Maruti
606,Hyundai Elite i20,Hyundai,2015,500000,22000,Petrol,Hyundai
607,Mahindra XUV500 W10,Mahindra,2016,1065000,41000,Diesel,Mahindra
608,Volkswagen Polo Trendline,Volkswagen,2015,350000,25000,Diesel,Other
609,Toyota Etios Liva,Toyota,2012,350000,85000,Diesel,Toyota
610,Mahindra TUV300 T4,Mahindra,2016,540000,29500,Diesel,Mahindra
611,Hyundai Elite i20,Hyundai,2015,470000,30000,Petrol,Hyundai
612,Hyundai Santro Xing,Hyundai,2014,179000,57000,Petrol,Hyundai
613,Maruti Suzuki Zen,Maruti,2003,48000,60000,Petrol,Maruti
614,Maruti Suzuki Ciaz,Maruti,2016,650000,50000,Petrol,Maruti
615,Hyundai Eon Era,Hyundai,2013,190000,39700,Petrol,Hyundai
616,Hyundai Elantra 1.8,Hyundai,2012,500000,65000,Petrol,Hyundai
617,Maruti Suzuki Swift,Maruti,2010,270000,67000,Diesel,Maruti
618,Maruti Suzuki Zen,Maruti,2008,125000,46000,Petrol,Maruti
619,Hyundai Eon Era,Hyundai,2012,188000,38000,Petrol,Hyundai
620,Hyundai Grand i10,Hyundai,2016,380000,27000,Petrol,Hyundai
621,Hyundai Verna Fluidic,Hyundai,2011,365000,43000,Diesel,Hyundai
622,Ford EcoSport Trend,Ford,2014,465000,47000,Petrol,Ford
623,Hyundai i20 Magna,Hyundai,2011,240000,42000,Petrol,Hyundai
624,Chevrolet Beat Diesel,Chevrolet,2016,179999,19336,Diesel,Chevrolet
625,Tata Indica eV2,Tata,2015,140000,60105,Diesel,Tata
626,Jaguar XF 2.2,Jaguar,2013,2190000,29000,Diesel,Other
627,Audi Q5 2.0,Audi,2014,2390000,34000,Diesel,Other
628,BMW 3 Series,BMW,2011,1075000,35000,Diesel,Other
629,Maruti Suzuki Swift,Maruti,2015,475000,22000,Petrol,Maruti
630,BMW X1 sDrive20d,BMW,2012,1025000,41000,Diesel,Other
631,Maruti Suzuki S,Maruti,2016,615000,21000,Diesel,Maruti
632,Maruti Suzuki Ertiga,Maruti,2013,475000,48000,Diesel,Maruti
633,Maruti Suzuki Alto,Maruti,2016,270000,38000,Petrol,Maruti
634,Honda City SV,Honda,2014,475000,34000,Diesel,Honda
635,Volkswagen Vento Comfortline,Volkswagen,2011,240000,45933,Petrol,Other
636,Honda City 1.5,Honda,2005,120000,68000,Petrol,Honda
637,Audi A4 2.0,Audi,2016,1900000,44000,Diesel,Other
638,Mahindra KUV100,Mahindra,2017,360000,35000,Diesel,Mahindra
639,Tata Zest XE,Tata,2018,450000,102563,Diesel,Tata
640,Mahindra XUV500 W8,Mahindra,2015,900000,28600,Diesel,Mahindra
641,Maruti Suzuki Swift,Maruti,2017,650000,41800,Diesel,Maruti
642,Tata Sumo Gold,Tata,2014,275000,116000,Diesel,Tata
643,Maruti Suzuki Swift,Maruti,2009,210000,59000,Petrol,Maruti
644,Mahindra Scorpio 2.6,Mahindra,2004,175000,58000,Diesel,Mahindra
645,Maruti Suzuki Omni,Maruti,2009,85000,45000,Petrol,Maruti
646,Mitsubishi Pajero Sport,Mitsubishi,2015,1490000,42590,Diesel,Other
647,Renault Duster,Renault,2014,800000,7400,Diesel,Renault
648,Volkswagen Jetta Comfortline,Volkswagen,2009,450000,54500,Diesel,Other
649,Maruti Suzuki Ertiga,Maruti,2012,1000000,200000,Diesel,Maruti
650,Audi A4 2.0,Audi,2013,1510000,27000,Diesel,Other
651,Volvo S80 Summum,Volvo,2015,1850000,42000,Diesel,Other
652,Toyota Corolla Altis,Toyota,2014,790000,29000,Petrol,Toyota
653,Mitsubishi Pajero Sport,Mitsubishi,2015,1725000,37000,Diesel,Other
654,Chevrolet Beat LT,Chevrolet,2012,135000,36000,Petrol,Chevrolet
655,BMW X1,BMW,2011,1000000,34000,Diesel,Other
656,Datsun Redi GO,Datsun,2018,299999,7000,Petrol,Other
657,Mercedes Benz C,Mercedes,2009,1225000,76000,Diesel,Other
658,Mahindra Scorpio SLX,Mahindra,2004,175000,60000,Diesel,Mahindra
659,Volkswagen Vento Comfortline,Volkswagen,2011,200000,95000,Diesel,Other
660,Tata Indigo CS,Tata,2017,270000,50000,Diesel,Tata
661,Ford Figo Petrol,Ford,2019,525000,0,Petrol,Ford
662,Honda City ZX,Honda,2006,180000,50000,Petrol,Honda
663,Maruti Suzuki Wagon,Maruti,2008,140000,68000,Petrol,Maruti
664,Ford EcoSport Trend,Ford,2014,400000,16000,Petrol,Ford
665,Maruti Suzuki Swift,Maruti,2016,499000,51000,Diesel,Maruti
666,Maruti Suzuki Omni,Maruti,2009,85000,56000,Petrol,Maruti
667,Maruti Suzuki Zen,Maruti,2004,70000,100000,Petrol,Maruti
668,Renault Duster RxL,Renault,2015,550000,36000,Petrol,Renault
669,Maruti Suzuki Swift,Maruti,2014,370000,11523,Petrol,Maruti
670,Maruti Suzuki Baleno,Maruti,2018,690000,1000,Petrol,Maruti
671,Honda WR V,Honda,2009,250000,60000,Petrol,Honda
672,Tata Indigo CS,Tata,2016,110000,85000,Diesel,Tata
673,Renault Duster 110,Renault,2013,490000,38600,Diesel,Renault
674,Mahindra Scorpio LX,Mahindra,2009,320000,95500,Diesel,Mahindra
675,Maruti Suzuki Zen,Maruti,2004,68000,56000,Petrol,Maruti
676,Maruti Suzuki Wagon,Maruti,2014,130000,37458,Petrol,Maruti
677,Maruti Suzuki SX4,Maruti,2016,970000,85960,Diesel,Maruti
678,Audi A3 Cabriolet,Audi,2015,3100000,12516,Petrol,Other
679,Hyundai Eon D,Hyundai,2018,280000,35000,Petrol,Hyundai
680,Maruti Suzuki Zen,Maruti,2009,125000,0,Petrol,Maruti
681,Mahindra Scorpio SLX,Mahindra,2008,285000,80000,Diesel,Mahindra
682,Hyundai Santro AE,Hyundai,2011,165000,45000,Petrol,Hyundai
683,Maruti Suzuki Swift,Maruti,2009,250000,51000,Diesel,Maruti
684,Mahindra Scorpio S4,Mahindra,2015,865000,30000,Diesel,Mahindra
685,Mahindra Xylo D2,Mahindra,2011,390000,48000,Diesel,Mahindra
686,Hyundai Santro,Hyundai,2003,60000,51000,Petrol,Hyundai
687,Chevrolet Beat LT,Chevrolet,2015,215000,90000,Diesel,Chevrolet
688,Maruti Suzuki Swift,Maruti,2015,475000,43000,Diesel,Maruti
689,Mahindra XUV500 W8,Mahindra,2015,899000,53000,Diesel,Mahindra
690,Toyota Fortuner 3.0,Toyota,2013,1499000,97000,Diesel,Toyota
691,Maruti Suzuki Alto,Maruti,2013,240000,20000,Petrol,Maruti
692,Hyundai Getz GLE,Hyundai,2007,99000,55000,Petrol,Hyundai
693,Maruti Suzuki Swift,Maruti,2014,260000,120000,Diesel,Maruti
694,Hyundai Creta 1.6,Hyundai,2019,1200000,0,Petrol,Hyundai
695,Hyundai Santro Xing,Hyundai,2007,115000,46000,Petrol,Hyundai
696,Hyundai Santro Xing,Hyundai,2009,88000,43200,Petrol,Hyundai
697,Mahindra Xylo D2,Mahindra,2011,390000,56000,Diesel,Mahindra
698,Hyundai Santro Xing,Hyundai,2007,135000,42000,Petrol,Hyundai
699,Tata Indica V2,Tata,2009,90000,30600,Diesel,Tata
700,Hyundai i10 Sportz,Hyundai,2011,220000,38000,Petrol,Hyundai
701,Hyundai Grand i10,Hyundai,2017,424999,2550,Petrol,Hyundai
702,Hyundai Santro Xing,Hyundai,2007,135000,47000,Petrol,Hyundai
703,Honda City 1.5,Honda,2005,95000,41000,Petrol,Honda
704,Nissan Micra XL,Nissan,2017,430000,62500,Diesel,Other
705,Honda City 1.5,Honda,2005,115000,68000,Petrol,Honda
706,Maruti Suzuki Alto,Maruti,2015,215000,50000,Petrol,Maruti
707,Maruti Suzuki Wagon,Maruti,2004,53000,69000,Petrol,Maruti
708,Maruti Suzuki Ertiga,Maruti,2012,500000,48000,Diesel,Maruti
709,Tata Indica eV2,Tata,2012,85000,55000,Diesel,Tata
710,Maruti Suzuki Omni,Maruti,2013,165000,25000,Petrol,Maruti
711,Hyundai Eon Era,Hyundai,2014,200000,28400,Petrol,Hyundai
712,Hyundai Eon,Hyundai,2014,200000,28000,Petrol,Hyundai
713,Maruti Suzuki Swift,Maruti,2015,425000,42000,Diesel,Maruti
714,Hyundai Verna 1.6,Hyundai,2012,600000,29000,Diesel,Hyundai
715,Chevrolet Tavera LS,Chevrolet,2005,130000,68485,Diesel,Chevrolet
716,Tata Tiago Revotron,Tata,2018,430000,3500,Petrol,Tata
717,Tata Tiago Revotorq,Tata,2019,568500,0,Petrol,Tata
718,Maruti Suzuki Zen,Maruti,2006,71000,32000,Petrol,Maruti
719,Mahindra KUV100 K8,Mahindra,2018,560000,8000,Diesel,Mahindra
720,Ford EcoSport Titanium,Ford,2014,590000,34000,Diesel,Ford
721,Hindustan Motors Ambassador,Hindustan,1995,750000,37000,Petrol,Other
722,Ford Fusion 1.4,Ford,2007,125000,85455,Diesel,Ford
723,Hyundai Santro Xing,Hyundai,2007,135000,46000,Petrol,Hyundai
724,Hyundai Santro,Hyundai,2002,60000,47000,Petrol,Hyundai
725,Fiat Linea Emotion,Fiat,2009,120000,64000,Petrol,Other
726,Ford Ikon 1.3,Ford,2008,95000,46000,Petrol,Ford
727,Maruti Suzuki Omni,Maruti,2017,240000,8000,Petrol,Maruti
728,Tata Indica V2,Tata,2012,115000,64000,Diesel,Tata
729,Mahindra Scorpio S4,Mahindra,2015,795000,63000,Diesel,Mahindra
730,Hyundai Santro Xing,Hyundai,2007,55000,65000,Petrol,Hyundai
731,Mahindra Xylo D2,Mahindra,2009,300000,62000,Diesel,Mahindra
732,Hyundai Grand i10,Hyundai,2014,320000,41000,Petrol,Hyundai
733,Maruti Suzuki Alto,Maruti,2015,265000,14000,Petrol,Maruti
734,Toyota Corolla,Toyota,2006,160000,40000,Petrol,Toyota
735,Hyundai Eon Magna,Hyundai,2017,300000,1600,Petrol,Hyundai
736,Tata Sumo Grande,Tata,2010,130000,90000,Diesel,Tata
737,Maruti Suzuki Swift,Maruti,2011,250000,58000,Diesel,Maruti
738,Volkswagen Polo Highline1.2L,Volkswagen,2013,380000,27000,Petrol,Other
739,Maruti Suzuki Alto,Maruti,2003,42000,60000,Petrol,Maruti
740,Tata Tiago Revotron,Tata,2017,400000,31000,Petrol,Tata
741,Maruti Suzuki Swift,Maruti,2009,120000,90000,Diesel,Maruti
742,Maruti Suzuki Swift,Maruti,2009,120000,90000,Diesel,Maruti
743,Tata Indigo eCS,Tata,2016,130000,150000,Diesel,Tata
744,Chevrolet Beat LS,Chevrolet,2014,189000,31000,Diesel,Chevrolet
745,Mahindra Xylo E8,Mahindra,2011,365000,43000,Diesel,Mahindra
746,Hyundai Eon D,Hyundai,2013,170000,20000,Petrol,Hyundai
747,Tata Sumo Gold,Tata,2013,215000,100000,Petrol,Tata
748,Tata Nano,Tata,2013,60000,7000,Petrol,Tata
749,Hyundai Elite i20,Hyundai,2017,599999,31000,Petrol,Hyundai
750,Hyundai i10 Magna,Hyundai,2009,400000,33000,Petrol,Hyundai
751,Hyundai Creta,Hyundai,2016,900000,60000,Diesel,Hyundai
752,Volkswagen Polo,Volkswagen,2013,299999,48000,Diesel,Other
753,Maruti Suzuki Dzire,Maruti,2014,374999,33000,Petrol,Maruti
754,Tata Bolt XM,Tata,2015,600000,15000,Petrol,Tata
755,Maruti Suzuki Alto,Maruti,2005,70000,47000,Petrol,Maruti
756,Maruti Suzuki Alto,Maruti,2005,100000,40000,Petrol,Maruti
757,Maruti Suzuki Ritz,Maruti,2010,150000,38000,Diesel,Maruti
758,Maruti Suzuki Alto,Maruti,2017,225000,12500,Petrol,Maruti
759,Maruti Suzuki Dzire,Maruti,2009,210000,42000,Petrol,Maruti
760,Hyundai i20 Asta,Hyundai,2014,425000,31000,Petrol,Hyundai
761,Maruti Suzuki Swift,Maruti,2008,162000,60000,Diesel,Maruti
762,Tata Indica V2,Tata,2005,60000,80000,Diesel,Tata
763,Mahindra Scorpio VLX,Mahindra,2014,650000,77000,Diesel,Mahindra
764,Toyota Innova 2.5,Toyota,2012,750000,75000,Diesel,Toyota
765,Mahindra Xylo E8,Mahindra,2010,375000,40000,Diesel,Mahindra
766,Hyundai i20 Magna,Hyundai,2011,230000,47000,Petrol,Hyundai
767,Maruti Suzuki Omni,Maruti,2000,35999,60000,Petrol,Maruti
768,Mahindra KUV100,Mahindra,2016,380000,26500,Petrol,Mahindra
769,Mahindra KUV100 K8,Mahindra,2019,560000,2875,Petrol,Mahindra
770,Datsun Go Plus,Datsun,2016,285000,13900,Petrol,Other
771,Ford Endeavor 4x4,Ford,2019,2900000,9000,Diesel,Ford
772,Tata Indica V2,Tata,2005,39999,80000,Diesel,Tata
773,Hyundai Santro Xing,Hyundai,2006,85000,60000,Petrol,Hyundai
774,Maruti Suzuki Wagon,Maruti,2016,395000,20000,Petrol,Maruti
775,Maruti Suzuki Swift,Maruti,2008,175000,58000,Diesel,Maruti
776,Maruti Suzuki Alto,Maruti,2019,400000,1500,Petrol,Maruti
777,Toyota Innova 2.5,Toyota,2011,750000,75000,Diesel,Toyota
778,Maruti Suzuki Alto,Maruti,2016,250000,2450,Petrol,Maruti
779,Maruti Suzuki Alto,Maruti,2019,425000,1625,Petrol,Maruti
780,Volkswagen Polo Highline1.2L,Volkswagen,2017,525000,45000,Petrol,Other
781,Mahindra Logan,Mahindra,2009,130000,65000,Diesel,Mahindra
782,Maruti Suzuki 800,Maruti,2000,30000,33400,Petrol,Maruti
783,Mahindra Scorpio,Mahindra,2011,475000,60123,Diesel,Mahindra
784,Chevrolet Sail 1.2,Chevrolet,2013,300000,28000,Petrol,Chevrolet
785,Hyundai Santro AE,Hyundai,2003,60000,70000,Petrol,Hyundai
786,Maruti Suzuki Wagon,Maruti,2006,100000,7000,Petrol,Maruti
787,Hyundai Eon,Hyundai,2018,260000,25000,Petrol,Hyundai
788,Tata Manza,Tata,2015,100000,100000,Diesel,Tata
789,Toyota Etios G,Toyota,2013,265000,42000,Petrol,Toyota
790,Hyundai Getz Prime,Hyundai,2009,115000,20000,Petrol,Hyundai
791,Toyota Qualis,Toyota,2003,180000,100000,Diesel,Toyota
792,Hyundai Santro Xing,Hyundai,2004,45000,137495,Petrol,Hyundai
793,Tata Indica eV2,Tata,2016,50500,91200,Diesel,Tata
794,Honda City 1.5,Honda,2009,270000,55000,Petrol,Honda
795,Tata Zest XE,Tata,2017,290000,120000,Diesel,Tata
796,Mahindra Quanto C4,Mahindra,2013,325000,63000,Diesel,Mahindra
797,Tata Indigo eCS,Tata,2016,160000,104000,Diesel,Tata
798,Maruti Suzuki Swift,Maruti,2016,350000,146000,Diesel,Maruti
799,Hyundai Elite i20,Hyundai,2011,290000,40000,Petrol,Hyundai
800,Hyundai i20 Select,Hyundai,2011,290000,40000,Petrol,Hyundai
801,Chevrolet Tavera Neo,Chevrolet,2007,465000,100800,Diesel,Chevrolet
802,Maruti Suzuki Dzire,Maruti,2016,325000,150000,Diesel,Maruti
803,Hyundai Elite i20,Hyundai,2018,510000,2100,Petrol,Hyundai
804,Honda City VX,Honda,2016,860000,95000,Petrol,Honda
805,Maruti Suzuki Dzire,Maruti,2016,450000,2500,Diesel,Maruti
806,Hyundai Getz,Hyundai,2006,125000,80000,Petrol,Hyundai
807,Mercedes Benz C,Mercedes,2006,500001,15000,Petrol,Other
808,Maruti Suzuki Alto,Maruti,2005,95000,65000,Petrol,Maruti
809,Maruti Suzuki Swift,Maruti,2009,250000,51000,Diesel,Maruti
810,Skoda Fabia,Skoda,2009,110000,45000,Petrol,Other
811,Maruti Suzuki Ritz,Maruti,2011,270000,50000,Petrol,Maruti
812,Tata Indica V2,Tata,2009,110000,30000,Diesel,Tata
813,Toyota Corolla Altis,Toyota,2009,300000,132000,Petrol,Toyota
814,Tata Zest XM,Tata,2018,260000,27000,Diesel,Tata
815,Mahindra Quanto C8,Mahindra,2013,390000,40000,Diesel,Mahindra
